Id,preco
0,1745949.1
1,296688.72
2,591870.9
3,276576.5
4,262159.03
5,284975.62
6,702674.6
7,204132.72
8,345395.12
9,881853.4
10,651442.3
11,645991.75
12,1111911.0
13,348813.8
14,712861.7
15,598700.8
16,393460.7
17,370424.9
18,347960.1
19,849996.7
20,793401.75
21,328402.22
22,370424.9
23,367403.06
24,358912.88
25,365082.94
26,527795.2
27,599276.4
28,751874.94
29,980440.56
30,360218.7
31,1225768.0
32,1450254.4
33,1345878.0
34,1104714.8
35,408937.0
36,478144.25
37,2683625.8
38,405143.7
39,411591.38
40,2678463.0
41,881430.94
42,351893.72
43,1373684.2
44,1050843.0
45,252285.38
46,1925735.8
47,556001.06
48,243941.28
49,421051.2
50,486713.16
51,366597.12
52,732975.25
53,853557.3
54,907309.7
55,305421.53
56,629736.25
57,402217.25
58,864800.0
59,1233606.6
60,2596901.2
61,602288.5
62,1503948.9
63,4346720.5
64,410498.56
65,415324.75
66,582801.2
67,980442.4
68,879468.06
69,379928.6
70,2593550.0
71,257492.55
72,533319.5
73,463400.5
74,250306.6
75,2443207.0
76,346584.12
77,420142.8
78,235301.38
79,380860.12
80,560658.44
81,407770.4
82,317317.62
83,1735877.5
84,3344357.2
85,391713.16
86,397278.7
87,575923.25
88,527795.2
89,372061.53
90,615529.06
91,814364.25
92,227468.36
93,308581.0
94,218184.19
95,1297314.6
96,756577.5
97,1812246.8
98,361782.34
99,634480.7
100,475985.53
101,421620.47
102,1257401.2
103,874403.56
104,417652.22
105,904499.7
106,879928.9
107,1070379.1
108,344354.97
109,609459.9
110,440359.5
111,841047.56
112,185427.5
113,385263.97
114,879436.2
115,391127.03
116,550523.25
117,3912639.0
118,678931.8
119,342169.94
120,2297083.8
121,315205.97
122,737692.8
123,312935.78
124,294341.06
125,695353.9
126,394817.7
127,1493967.8
128,374776.5
129,1124368.8
130,1192391.4
131,2942343.5
132,756637.6
133,1013094.7
134,1326333.1
135,604128.44
136,502576.28
137,2562475.5
138,948280.0
139,410498.56
140,2765510.8
141,408015.62
142,446691.38
143,1203750.4
144,392618.06
145,477620.78
146,278258.7
147,1614224.8
148,593025.75
149,1048985.5
150,463199.9
151,588863.94
152,937541.56
153,814997.94
154,458695.66
155,620439.06
156,529567.2
157,391784.38
158,618247.3
159,2002073.1
160,1158052.1
161,475473.22
162,663549.3
163,511315.9
164,338415.84
165,363045.7
166,626543.7
167,613608.25
168,374584.4
169,1112645.2
170,591400.0
171,425322.72
172,655016.6
173,707355.5
174,563755.56
175,1642804.8
176,684273.8
177,374770.6
178,1060907.8
179,301571.22
180,815861.25
181,406255.7
182,3012399.5
183,652415.56
184,753883.3
185,420957.66
186,639200.7
187,488920.72
188,1229153.8
189,366031.6
190,1569043.8
191,1335746.6
192,310993.62
193,351090.5
194,279045.12
195,671598.2
196,246263.58
197,1052198.9
198,328991.03
199,554027.94
200,1240101.8
201,322731.8
202,681245.25
203,1504569.9
204,680191.5
205,260299.77
206,197420.58
207,370424.9
208,1057054.0
209,1802414.0
210,745697.25
211,5087745.0
212,525998.0
213,594745.0
214,1341696.1
215,365630.34
216,272536.6
217,579747.8
218,536900.94
219,375864.34
220,560658.44
221,969672.75
222,3416696.5
223,329126.62
224,366031.6
225,623622.0
226,407013.62
227,636079.56
228,2947014.2
229,593728.1
230,393460.7
231,537663.3
232,337049.56
233,663332.56
234,550637.56
235,308959.16
236,1059358.8
237,1451852.4
238,1151942.2
239,563755.56
240,887934.2
241,289140.47
242,563755.56
243,429450.06
244,798629.94
245,389107.9
246,641917.7
247,662087.25
248,475232.56
249,917670.44
250,1750779.6
251,372182.88
252,569136.0
253,592346.3
254,666341.4
255,687059.4
256,313216.47
257,777649.5
258,3033161.8
259,1096463.1
260,635058.7
261,661302.2
262,297896.1
263,821697.3
264,323134.72
265,394226.47
266,379518.3
267,695112.9
268,389068.7
269,1326333.1
270,385924.2
271,737436.8
272,714434.1
273,486000.4
274,503309.2
275,402011.12
276,373635.5
277,1527865.6
278,313216.47
279,940396.1
280,246263.58
281,703843.94
282,387990.47
283,386091.38
284,1645617.9
285,2896804.2
286,395176.44
287,938037.0
288,565633.75
289,959100.6
290,942410.0
291,710307.7
292,923081.94
293,561586.6
294,2293738.8
295,439607.44
296,491345.3
297,1071435.6
298,438891.53
299,603136.9
300,1246789.8
301,746181.2
302,378387.22
303,530990.3
304,360218.7
305,352427.0
306,274247.97
307,460156.06
308,421628.3
309,590542.4
310,232299.11
311,2558160.2
312,1464530.0
313,527795.2
314,337042.75
315,1332059.5
316,1427383.2
317,1215390.4
318,406573.03
319,398616.03
320,337970.62
321,1854038.9
322,1307081.0
323,425665.7
324,340722.75
325,596993.1
326,416370.47
327,2267524.8
328,1067073.0
329,422153.5
330,754081.9
331,412109.5
332,644724.5
333,1158643.1
334,1509279.9
335,499983.78
336,270975.25
337,525521.9
338,750878.94
339,475662.8
340,420556.4
341,1068774.0
342,964785.4
343,1352545.1
344,1373759.1
345,283963.38
346,441961.1
347,697187.94
348,561586.6
349,1034572.7
350,392498.12
351,1446036.2
352,527205.44
353,1180548.4
354,381550.4
355,636874.9
356,537633.9
357,1549641.1
358,377448.75
359,907424.06
360,376892.94
361,1118664.8
362,260136.48
363,347349.22
364,473820.47
365,887313.0
366,1145578.0
367,246263.58
368,1616374.2
369,1777301.2
370,356241.56
371,378671.8
372,755418.1
373,1338841.6
374,790242.2
375,2663212.5
376,386540.0
377,518953.75
378,1170606.8
379,661053.9
380,539651.0
381,345395.12
382,537964.8
383,867270.9
384,456103.34
385,532108.75
386,1499804.5
387,1366816.8
388,346756.66
389,892564.44
390,630175.9
391,431307.06
392,1111917.6
393,532417.4
394,337042.75
395,366031.6
396,441956.1
397,433445.03
398,617953.25
399,678253.06
400,608421.6
401,375385.2
402,560528.8
403,367092.3
404,793724.2
405,1818558.6
406,363502.38
407,618137.06
408,924146.75
409,529581.4
410,467386.97
411,331356.2
412,243961.45
413,462826.75
414,521751.34
415,669365.94
416,681994.9
417,562719.44
418,367416.56
419,279718.22
420,551883.06
421,416254.78
422,265282.7
423,277806.1
424,235164.84
425,620826.44
426,985901.25
427,1272184.9
428,3016014.8
429,378702.3
430,265294.84
431,340200.2
432,1067073.0
433,190839.08
434,1352545.1
435,564448.94
436,1605443.1
437,1466440.2
438,373302.38
439,247389.0
440,737540.4
441,375139.38
442,263273.9
443,400645.7
444,864800.0
445,867599.9
446,235543.28
447,409088.5
448,907858.75
449,398058.38
450,301316.34
451,1034572.7
452,1050698.8
453,452088.56
454,352399.38
455,553210.8
456,816984.1
457,343086.78
458,367418.28
459,350594.28
460,246263.58
461,678253.06
462,375139.38
463,546245.75
464,399056.03
465,561263.06
466,1253031.0
467,1436826.6
468,1493173.8
469,3428941.8
470,1295447.4
471,530848.3
472,351893.72
473,205364.36
474,414446.03
475,1304204.9
476,869620.3
477,422698.94
478,242209.86
479,770908.5
480,528260.5
481,1354889.8
482,757781.2
483,422698.94
484,591563.06
485,567042.4
486,1585715.0
487,503309.2
488,961020.56
489,370424.9
490,784933.6
491,254135.38
492,380534.06
493,398987.88
494,582122.56
495,1459372.1
496,1009753.25
497,575507.5
498,663332.56
499,508034.88
500,1226760.1
501,2111034.0
502,554027.94
503,295004.1
504,387979.94
505,1436396.5
506,1356281.0
507,598824.0
508,278423.44
509,539204.44
510,763989.75
511,536900.94
512,2242114.8
513,360228.6
514,319447.0
515,422698.94
516,801455.7
517,790716.5
518,716509.3
519,446105.78
520,2093933.1
521,832848.3
522,602288.5
523,264721.2
524,1034572.7
525,1323553.4
526,914480.9
527,2267524.8
528,567445.9
529,312784.53
530,884406.7
531,1019648.8
532,610716.0
533,805232.1
534,338564.5
535,380992.94
536,466033.16
537,4450308.5
538,1281485.2
539,1373589.4
540,358413.94
541,344728.03
542,662087.25
543,1100886.0
544,440725.4
545,592656.1
546,285217.72
547,1102067.2
548,358456.4
549,362224.7
550,710353.4
551,427149.78
552,985665.3
553,903384.25
554,425523.2
555,344983.2
556,410145.47
557,426506.75
558,295892.53
559,1405704.1
560,600006.3
561,480377.5
562,222031.97
563,585913.1
564,565299.8
565,642168.06
566,296167.66
567,337970.62
568,575911.8
569,781490.7
570,165472.19
571,802400.2
572,442319.3
573,755081.6
574,417822.84
575,398987.88
576,1205743.9
577,1027614.9
578,234500.97
579,727035.8
580,1056790.1
581,422153.5
582,4151725.2
583,2255446.8
584,363045.7
585,1502046.0
586,742195.3
587,1326333.1
588,1351303.4
589,626593.9
590,339708.22
591,1115966.1
592,371880.97
593,515708.44
594,366606.9
595,397278.7
596,680869.8
597,383228.22
598,695353.9
599,581825.8
600,657631.7
601,677632.9
602,831486.25
603,406974.28
604,495162.0
605,1174940.2
606,242299.77
607,835192.25
608,554212.94
609,1099567.9
610,410498.56
611,665271.0
612,550441.9
613,790741.94
614,585913.1
615,2704714.5
616,354658.38
617,842674.0
618,357053.84
619,392192.16
620,417822.84
621,420756.88
622,5659158.5
623,1483737.9
624,385263.97
625,594745.0
626,279045.12
627,2326557.0
628,410145.47
629,1229052.6
630,351387.22
631,842541.0
632,457508.66
633,639821.1
634,408971.0
635,512571.6
636,650506.3
637,563755.56
638,397595.03
639,208130.34
640,717000.9
641,1065470.8
642,445222.7
643,557533.7
644,440725.4
645,602829.0
646,366432.75
647,326105.53
648,403105.16
649,399955.03
650,519006.97
651,949824.3
652,440507.9
653,557673.2
654,327452.56
655,1414099.4
656,323050.8
657,278777.97
658,424195.75
659,356750.66
660,563971.1
661,1208996.0
662,576564.8
663,631827.0
664,561487.4
665,371549.7
666,537338.06
667,627521.06
668,774423.94
669,766459.5
670,1202462.9
671,663332.56
672,356977.0
673,775377.6
674,1020114.0
675,451976.38
676,410498.56
677,566447.9
678,340200.2
679,227299.03
680,571400.44
681,361338.03
682,393460.7
683,393018.53
684,474230.72
685,927899.7
686,2512096.2
687,410299.7
688,663332.56
689,177948.81
690,696122.44
691,1044816.9
692,777781.2
693,794076.56
694,642460.25
695,800510.8
696,536934.56
697,330295.72
698,806573.4
699,346785.3
700,508555.44
701,366031.6
702,680348.8
703,793995.8
704,893161.75
705,410299.7
706,384828.75
707,1557435.1
708,145364.97
709,3242814.0
710,272536.6
711,898374.56
712,411339.34
713,331551.12
714,582417.9
715,1104714.8
716,752354.06
717,1075236.4
718,604872.6
719,71987.15
720,210436.42
721,425964.25
722,550441.9
723,231380.33
724,1011236.5
725,421339.16
726,1046103.8
727,460156.06
728,690939.1
729,427510.5
730,668292.1
731,962642.7
732,296711.4
733,377301.56
734,634480.7
735,453156.22
736,214647.55
737,367149.1
738,1500766.8
739,748749.6
740,528001.56
741,2277951.8
742,803476.1
743,410145.47
744,283268.38
745,366031.6
746,342525.9
747,746283.5
748,793479.4
749,397199.75
750,391425.62
751,305273.16
752,284958.28
753,520264.84
754,346438.94
755,731506.6
756,579159.25
757,568252.6
758,379211.88
759,353400.0
760,754754.0
761,609459.9
762,551656.8
763,216190.06
764,976916.25
765,268384.4
766,883832.4
767,2713731.5
768,613608.25
769,914480.9
770,410498.56
771,1233606.6
772,942889.06
773,841029.06
774,2040083.8
775,919599.75
776,2477247.0
777,1333506.0
778,245406.2
779,372046.34
780,337804.12
781,347349.22
782,380286.56
783,870147.56
784,338031.3
785,536900.94
786,296959.25
787,949712.9
788,294547.94
789,174913.22
790,377646.5
791,918472.7
792,237008.89
793,374612.5
794,832080.44
795,540607.56
796,518050.2
797,300953.84
798,1020156.8
799,435574.22
800,734797.44
801,373635.5
802,1307709.9
803,1452277.1
804,423964.44
805,270810.53
806,209160.86
807,219091.38
808,561487.4
809,977058.56
810,612649.44
811,651442.3
812,447967.6
813,311843.4
814,813733.2
815,1024135.0
816,1688672.1
817,434860.72
818,277146.03
819,1133330.8
820,733311.94
821,390333.78
822,563755.56
823,937570.3
824,397292.34
825,3292826.2
826,332919.3
827,351427.12
828,538781.1
829,306895.66
830,931541.44
831,588053.9
832,201382.55
833,663616.44
834,209160.86
835,896761.3
836,1075236.4
837,503309.2
838,884471.44
839,393460.7
840,373635.5
841,365778.88
842,862395.0
843,955070.8
844,778413.4
845,985452.3
846,304646.53
847,292473.06
848,360776.7
849,668194.6
850,639806.06
851,569806.25
852,417297.88
853,692162.9
854,358605.6
855,319967.62
856,337049.56
857,799446.5
858,309070.3
859,1422902.6
860,353671.5
861,331830.4
862,629320.7
863,416370.47
864,419284.84
865,1739551.1
866,340584.72
867,841904.06
868,2650761.8
869,333166.28
870,647037.6
871,1587363.0
872,501905.6
873,1654149.5
874,1493922.2
875,280419.56
876,1251413.4
877,478763.03
878,278900.94
879,274836.8
880,614084.1
881,1034572.7
882,1500167.5
883,290266.53
884,1883181.0
885,2364575.5
886,722401.06
887,235396.05
888,340609.03
889,720982.3
890,638291.75
891,930779.9
892,774921.56
893,268764.8
894,232477.77
895,1466401.5
896,622242.2
897,232243.39
898,393460.7
899,701898.6
900,1318663.9
901,486000.4
902,391784.38
903,977821.06
904,458070.16
905,717205.0
906,612765.9
907,1038872.9
908,912402.25
909,2216203.2
910,483709.75
911,406144.84
912,278440.6
913,1667063.5
914,1059483.4
915,1044483.06
916,345272.97
917,2924922.5
918,477000.78
919,336904.7
920,371671.25
921,3313147.8
922,866680.06
923,244427.44
924,374410.3
925,421067.3
926,406334.94
927,605647.0
928,407817.9
929,1020118.3
930,376397.28
931,482022.5
932,768458.0
933,415104.84
934,698160.25
935,196938.31
936,275329.53
937,2171814.2
938,324661.3
939,1326333.1
940,437051.72
941,5297587.0
942,1047285.25
943,823748.75
944,586534.0
945,980510.3
946,327314.75
947,505819.38
948,606974.5
949,1109855.9
950,527795.2
951,575637.9
952,1053230.2
953,1329444.1
954,1548411.1
955,415938.0
956,1496643.5
957,349244.75
958,345272.97
959,347175.25
960,941463.5
961,636189.7
962,519556.16
963,466021.5
964,2347623.0
965,466138.4
966,291725.28
967,816131.94
968,1056790.1
969,537338.06
970,1269876.5
971,384573.4
972,582354.8
973,261240.9
974,356669.25
975,204728.97
976,378387.22
977,526754.75
978,4005197.8
979,499402.28
980,269397.38
981,541447.7
982,386091.38
983,309070.3
984,279325.75
985,963157.25
986,1525141.1
987,1557435.1
988,554095.5
989,352461.16
990,375322.34
991,1096754.0
992,877252.2
993,260471.02
994,639308.0
995,1318354.0
996,691494.1
997,614880.3
998,590438.5
999,690140.1
1000,537338.06
1001,5079634.5
1002,797337.44
1003,306726.5
1004,1526486.4
1005,289140.47
1006,374313.06
1007,742251.25
1008,946715.6
1009,337498.25
1010,302036.75
1011,611299.56
1012,1011791.56
1013,551733.8
1014,277460.7
1015,563755.56
1016,546235.3
1017,156072.03
1018,717315.8
1019,284156.97
1020,407674.3
1021,336551.12
1022,292115.72
1023,370456.97
1024,2807505.8
1025,977941.4
1026,1391167.4
1027,548658.8
1028,1147742.2
1029,1280354.8
1030,506877.9
1031,531832.1
1032,208601.7
1033,1207614.1
1034,383180.12
1035,431307.06
1036,672122.75
1037,262372.66
1038,1599552.5
1039,385294.62
1040,319662.53
1041,365778.88
1042,224696.16
1043,1040683.75
1044,430039.6
1045,549929.7
1046,592250.56
1047,937570.3
1048,1125841.2
1049,1318354.0
1050,857920.25
1051,429450.06
1052,2505589.8
1053,861205.8
1054,2253207.0
1055,366606.9
1056,296173.9
1057,569759.94
1058,1035531.7
1059,1300560.8
1060,404842.2
1061,248798.95
1062,4151725.2
1063,1059024.0
1064,536731.25
1065,599884.3
1066,434860.72
1067,387043.4
1068,673558.2
1069,1129197.6
1070,1405073.2
1071,917573.06
1072,2679043.2
1073,615166.25
1074,369825.0
1075,481489.7
1076,534135.9
1077,433731.1
1078,172573.25
1079,422698.94
1080,620497.94
1081,410498.56
1082,773566.6
1083,1335261.1
1084,337234.8
1085,604201.94
1086,253246.1
1087,483365.38
1088,729959.6
1089,380738.47
1090,405970.28
1091,1487316.6
1092,842541.0
1093,440389.25
1094,652434.75
1095,229944.86
1096,644724.5
1097,934258.7
1098,701105.9
1099,507455.53
1100,1048985.5
1101,1074828.6
1102,486857.5
1103,1104714.8
1104,951494.06
1105,550655.06
1106,405180.75
1107,1152367.5
1108,618137.06
1109,300002.47
1110,924146.75
1111,1416431.4
1112,1483048.9
1113,367758.38
1114,356886.38
1115,1362037.1
1116,891846.0
1117,324557.44
1118,648556.25
1119,718229.8
1120,477154.8
1121,1291675.0
1122,379920.6
1123,1863029.8
1124,410498.56
1125,1214192.5
1126,278258.7
1127,1040683.75
1128,308964.84
1129,1060066.2
1130,361821.0
1131,476802.88
1132,565633.75
1133,532662.94
1134,3455322.5
1135,1272818.5
1136,1844004.4
1137,917770.4
1138,476320.6
1139,775493.7
1140,619850.1
1141,265084.75
1142,482465.44
1143,402718.7
1144,391233.4
1145,602829.0
1146,350594.28
1147,550441.9
1148,1430144.8
1149,2615002.0
1150,481943.62
1151,343692.9
1152,4122320.8
1153,980907.25
1154,256634.23
1155,539402.3
1156,684357.75
1157,383714.5
1158,200673.33
1159,702855.0
1160,393460.7
1161,557533.7
1162,410498.56
1163,632547.25
1164,1036095.44
1165,1654840.6
1166,506317.22
1167,502621.16
1168,366432.75
1169,798135.56
1170,2765614.5
1171,1398596.9
1172,849446.2
1173,867054.75
1174,826389.9
1175,387990.47
1176,436938.94
1177,730481.44
1178,937541.56
1179,1968904.5
1180,583077.3
1181,950778.7
1182,245900.67
1183,218184.19
1184,524735.6
1185,427547.28
1186,77665.92
1187,387130.2
1188,891915.5
1189,307173.53
1190,1372067.1
1191,410299.7
1192,285217.72
1193,1376382.4
1194,599561.4
1195,259270.81
1196,275380.0
1197,422153.5
1198,394296.56
1199,370424.9
1200,434353.88
1201,687210.8
1202,561586.6
1203,268638.16
1204,276515.97
1205,358913.8
1206,391233.4
1207,289877.72
1208,2379312.8
1209,663332.56
1210,564643.6
1211,1136045.8
1212,390397.38
1213,678994.4
1214,1048985.5
1215,232673.0
1216,408487.44
1217,1292940.5
1218,403105.16
1219,502576.28
1220,844954.75
1221,423254.25
1222,175890.62
1223,410498.56
1224,656882.5
1225,537964.8
1226,363618.12
1227,360218.7
1228,692384.3
1229,756984.5
1230,366031.6
1231,1028999.6
1232,254599.88
1233,512259.16
1234,614084.1
1235,1179856.5
1236,360210.94
1237,2726741.0
1238,306167.84
1239,685946.2
1240,284333.62
1241,750548.5
1242,332084.2
1243,326425.94
1244,363045.7
1245,350618.0
1246,1355172.8
1247,1888627.5
1248,250653.45
1249,317362.5
1250,347349.22
1251,760861.9
1252,1382361.0
1253,561459.94
1254,391233.4
1255,1431884.5
1256,572510.6
1257,434860.72
1258,671869.25
1259,1044239.25
1260,563755.56
1261,368142.97
1262,245217.02
1263,917670.44
1264,409981.06
1265,1289479.6
1266,364780.16
1267,497590.53
1268,407770.4
1269,316360.16
1270,724656.6
1271,811525.5
1272,558397.0
1273,1096608.4
1274,544422.75
1275,286052.44
1276,1336190.4
1277,616981.7
1278,877252.2
1279,888697.4
1280,218184.19
1281,369231.94
1282,952063.06
1283,1072382.6
1284,599276.4
1285,799814.0
1286,382946.78
1287,342559.53
1288,373589.1
1289,292115.72
1290,1525616.5
1291,703400.9
1292,678785.56
1293,599889.06
1294,2096817.8
1295,422698.94
1296,709945.2
1297,406028.8
1298,306941.72
1299,563755.56
1300,1445273.4
1301,358422.4
1302,832848.3
1303,649858.5
1304,558869.4
1305,767369.2
1306,991392.56
1307,454790.5
1308,1595400.6
1309,784911.1
1310,314558.38
1311,422698.94
1312,332446.25
1313,879928.9
1314,240683.33
1315,1395621.8
1316,1020870.6
1317,310124.66
1318,370424.9
1319,554373.5
1320,690426.8
1321,944971.0
1322,1149549.6
1323,852495.75
1324,511183.75
1325,448825.53
1326,997001.94
1327,603499.94
1328,227382.7
1329,181723.73
1330,322862.84
1331,366606.9
1332,1166622.0
1333,569136.0
1334,727590.56
1335,896046.94
1336,659292.44
1337,397292.34
1338,359251.78
1339,565633.75
1340,328683.28
1341,719776.94
1342,591719.56
1343,1822634.1
1344,1424004.5
1345,958167.0
1346,2539695.8
1347,774921.56
1348,898860.75
1349,672449.44
1350,405767.75
1351,422153.5
1352,535810.44
1353,1323553.4
1354,671824.94
1355,616042.75
1356,407770.4
1357,680479.6
1358,326391.22
1359,585229.8
1360,537338.06
1361,561487.4
1362,634375.25
1363,595701.25
1364,766459.5
1365,758148.9
1366,979575.2
1367,981673.56
1368,421067.3
1369,330343.9
1370,408772.12
1371,269883.22
1372,923480.56
1373,381550.4
1374,322962.28
1375,1400997.1
1376,516176.12
1377,555438.1
1378,352568.38
1379,305811.22
1380,412573.44
1381,340044.94
1382,810611.94
1383,285831.47
1384,704181.9
1385,643949.44
1386,1068527.2
1387,609553.0
1388,1197047.1
1389,285683.03
1390,2349694.8
1391,760408.44
1392,240481.56
1393,334780.6
1394,410498.56
1395,1305144.2
1396,206926.31
1397,928791.8
1398,617015.06
1399,815748.06
1400,947703.5
1401,353400.0
1402,410299.7
1403,925871.9
1404,332217.34
1405,2068686.8
1406,510482.94
1407,431307.06
1408,469583.62
1409,866080.2
1410,752514.44
1411,177842.52
1412,1290014.1
1413,1428541.4
1414,1741665.6
1415,793401.75
1416,417297.88
1417,1281485.2
1418,636189.7
1419,300116.5
1420,821804.44
1421,3196360.2
1422,1424004.5
1423,921973.9
1424,284156.97
1425,434860.72
1426,308672.72
1427,890752.4
1428,628743.94
1429,666202.56
1430,670621.9
1431,735247.8
1432,630279.56
1433,786534.06
1434,292473.06
1435,377939.22
1436,620079.3
1437,1279514.8
1438,2317320.0
1439,3089225.8
1440,961644.1
1441,563755.56
1442,896835.0
1443,497015.75
1444,1307081.0
1445,284333.62
1446,545661.06
1447,405767.75
1448,1087365.4
1449,1173750.5
1450,289552.5
1451,1021284.6
1452,426598.12
1453,1440350.2
1454,348583.38
1455,460061.53
1456,356095.0
1457,294977.7
1458,626543.7
1459,366031.6
1460,363886.97
1461,404638.38
1462,1132616.4
1463,748692.2
1464,436236.53
1465,478005.72
1466,489325.8
1467,1411036.9
1468,1147800.1
1469,366548.22
1470,889467.56
1471,366606.9
1472,603114.5
1473,563755.56
1474,538853.2
1475,1647192.0
1476,914480.9
1477,286756.38
1478,348352.7
1479,402678.84
1480,363045.7
1481,312510.66
1482,245170.53
1483,568941.25
1484,1018266.3
1485,575507.5
1486,503309.2
1487,424726.53
1488,398072.66
1489,651952.2
1490,1239791.1
1491,768147.25
1492,339555.44
1493,1620619.5
1494,754311.06
1495,295787.44
1496,690939.1
1497,2019501.8
1498,415104.84
1499,330777.38
1500,306304.25
1501,577467.9
1502,718612.0
1503,1104714.8
1504,1217490.2
1505,737912.94
1506,396932.72
1507,443566.97
1508,1576570.4
1509,434819.0
1510,1274530.5
1511,378564.5
1512,1982940.4
1513,705859.6
1514,1295640.8
1515,588473.8
1516,531872.1
1517,451068.7
1518,609459.9
1519,380481.0
1520,193823.02
1521,245900.67
1522,531473.9
1523,538853.2
1524,371966.25
1525,245900.67
1526,237862.69
1527,536900.94
1528,338781.72
1529,1318354.0
1530,647767.06
1531,1125492.1
1532,2572137.8
1533,914480.9
1534,292473.06
1535,342559.53
1536,330619.72
1537,5079634.5
1538,372499.78
1539,375864.34
1540,702633.56
1541,1061067.9
1542,477000.78
1543,610754.0
1544,284958.28
1545,554856.5
1546,364279.84
1547,1304204.9
1548,550655.06
1549,550594.3
1550,397921.66
1551,403106.38
1552,409249.2
1553,1715131.8
1554,937888.6
1555,1429289.9
1556,302207.1
1557,372499.78
1558,714434.1
1559,425482.12
1560,408257.0
1561,533921.8
1562,571328.75
1563,391233.4
1564,393760.34
1565,398277.03
1566,135475.9
1567,237478.14
1568,614084.1
1569,458695.66
1570,253862.5
1571,386797.6
1572,679723.7
1573,590159.94
1574,636598.75
1575,649997.0
1576,430006.97
1577,443557.38
1578,268119.4
1579,455310.34
1580,421067.3
1581,569566.2
1582,1695132.1
1583,337042.75
1584,445174.72
1585,265343.44
1586,403051.75
1587,370558.56
1588,1071682.9
1589,423454.97
1590,309070.3
1591,910114.44
1592,380738.47
1593,397278.7
1594,346438.94
1595,237862.69
1596,604201.94
1597,678253.06
1598,970643.8
1599,1212792.9
1600,351893.72
1601,1777301.2
1602,566447.9
1603,340239.4
1604,1188062.0
1605,267579.03
1606,410498.56
1607,557118.75
1608,698631.4
1609,563971.1
1610,734137.56
1611,670200.06
1612,652172.7
1613,309120.5
1614,400975.56
1615,347487.03
1616,542077.8
1617,2410000.8
1618,678460.9
1619,1203691.2
1620,387990.47
1621,582417.9
1622,1480460.2
1623,460090.97
1624,616062.25
1625,587666.6
1626,238815.39
1627,1105579.4
1628,272536.6
1629,583660.7
1630,536934.56
1631,1149562.5
1632,410498.56
1633,790704.06
1634,496492.97
1635,1404690.6
1636,626084.8
1637,406797.38
1638,3018249.0
1639,709083.75
1640,956177.25
1641,397413.28
1642,372295.25
1643,1102438.0
1644,1048399.94
1645,1155793.8
1646,875860.25
1647,834124.2
1648,311585.47
1649,935229.9
1650,380379.88
1651,859601.56
1652,1318354.0
1653,656473.56
1654,393460.7
1655,1318354.0
1656,740911.6
1657,1713230.9
1658,432274.06
1659,1598432.5
1660,261257.4
1661,409088.5
1662,311339.6
1663,860657.7
1664,5472339.5
1665,415104.84
1666,406797.38
1667,618137.06
1668,372295.25
1669,407217.56
1670,601986.25
1671,333952.06
1672,1613694.8
1673,569566.2
1674,324462.22
1675,1428541.4
1676,592346.3
1677,359487.44
1678,383430.44
1679,351387.22
1680,406573.03
1681,363045.7
1682,537338.06
1683,403106.38
1684,363502.38
1685,1125841.2
1686,590789.1
1687,363160.8
1688,407770.4
1689,336473.7
1690,929580.0
1691,1069660.5
1692,431307.06
1693,330777.38
1694,1010954.25
1695,557533.7
1696,554296.3
1697,363045.7
1698,329785.03
1699,686030.25
1700,366606.9
1701,509033.47
1702,964952.7
1703,590638.4
1704,659340.2
1705,1083127.0
1706,745104.7
1707,368013.56
1708,812980.94
1709,290729.94
1710,1076802.2
1711,455428.1
1712,310690.5
1713,289877.72
1714,333289.8
1715,312407.84
1716,256852.03
1717,466095.0
1718,393460.7
1719,358456.4
1720,386700.4
1721,395535.56
1722,879468.06
1723,317773.28
1724,572574.44
1725,1005977.44
1726,340073.84
1727,979150.3
1728,964151.9
1729,1827391.2
1730,229944.86
1731,591362.1
1732,609459.9
1733,1326333.1
1734,514801.66
1735,861876.06
1736,539713.1
1737,560658.44
1738,422153.5
1739,614084.1
1740,363045.7
1741,683654.3
1742,918113.25
1743,1269919.0
1744,251885.6
1745,447533.34
1746,433617.75
1747,1472867.9
1748,424195.75
1749,1311360.2
1750,737651.8
1751,566221.9
1752,245526.89
1753,394996.84
1754,303688.2
1755,424065.62
1756,145364.97
1757,321048.72
1758,378891.97
1759,693436.3
1760,1040749.7
1761,819172.2
1762,1131725.2
1763,436921.8
1764,1685291.4
1765,1385079.0
1766,592760.56
1767,741759.94
1768,488276.97
1769,1460430.8
1770,2169480.0
1771,635980.1
1772,650212.9
1773,292473.06
1774,386462.9
1775,378564.5
1776,1407754.2
1777,455617.78
1778,1294295.2
1779,955163.25
1780,227299.03
1781,423254.25
1782,465752.78
1783,424195.75
1784,540201.0
1785,642460.25
1786,697271.2
1787,608063.2
1788,380442.78
1789,1517014.5
1790,892565.6
1791,755081.6
1792,758106.3
1793,393847.2
1794,807083.6
1795,389107.9
1796,1545323.8
1797,3547720.8
1798,423653.22
1799,1381220.6
1800,285773.47
1801,582122.56
1802,563755.56
1803,848755.44
1804,1944520.1
1805,386540.0
1806,632547.25
1807,684273.8
1808,596305.8
1809,1633724.4
1810,292115.72
1811,489842.34
1812,387990.47
1813,921697.75
1814,420957.66
1815,387043.4
1816,325164.6
1817,460156.06
1818,559688.75
1819,491516.66
1820,409018.06
1821,264051.7
1822,507630.12
1823,412573.44
1824,1503948.9
1825,655151.3
1826,245398.77
1827,406255.7
1828,588994.3
1829,1793123.1
1830,1022666.75
1831,393754.4
1832,1464886.5
1833,1048985.5
1834,1527930.2
1835,291725.28
1836,348352.7
1837,1978195.0
1838,393460.7
1839,298952.16
1840,990919.56
1841,650212.9
1842,318506.53
1843,371880.97
1844,653541.3
1845,270810.53
1846,1811977.6
1847,396141.75
1848,1167342.0
1849,1880270.6
1850,312048.97
1851,358439.1
1852,587951.9
1853,938994.9
1854,442672.4
1855,607823.94
1856,754081.9
1857,1592582.9
1858,255953.23
1859,476320.6
1860,776249.6
1861,1871235.8
1862,835062.8
1863,250306.6
1864,356210.53
1865,1415077.4
1866,332034.03
1867,301723.66
1868,341423.1
1869,1427383.2
1870,246363.34
1871,421620.47
1872,657479.75
1873,895942.56
1874,1108971.4
1875,816001.3
1876,1718252.4
1877,697528.3
1878,660103.1
1879,766459.5
1880,1354858.5
1881,278354.66
1882,405130.34
1883,778259.06
1884,1063667.6
1885,491560.9
1886,537338.06
1887,821804.44
1888,200673.33
1889,246755.08
1890,931988.3
1891,381550.4
1892,634480.7
1893,296228.8
1894,520485.56
1895,553353.44
1896,560138.44
1897,1245823.4
1898,939787.7
1899,981969.6
1900,421640.84
1901,420142.8
1902,417822.84
1903,1741330.6
1904,561487.4
1905,563625.8
1906,569566.2
1907,338031.3
1908,1338841.6
1909,863909.56
1910,757791.2
1911,643864.7
1912,635058.7
1913,265638.53
1914,355919.25
1915,818425.1
1916,737912.94
1917,712175.44
1918,521639.1
1919,748620.0
1920,172082.8
1921,796419.44
1922,1597784.9
1923,950267.8
1924,410466.25
1925,445222.7
1926,1290014.1
1927,329793.22
1928,293144.78
1929,537338.06
1930,1665871.1
1931,1312074.6
1932,876469.9
1933,432775.47
1934,322028.0
1935,410498.56
1936,2652963.0
1937,571558.1
1938,1119565.9
1939,954231.25
1940,393460.7
1941,292473.06
1942,325908.78
1943,805838.2
1944,329950.66
1945,342679.28
1946,537338.06
1947,923781.44
1948,750941.8
1949,379518.3
1950,532988.06
1951,566847.8
1952,561487.4
1953,458978.5
1954,634480.7
1955,388213.03
1956,489054.9
1957,285291.44
1958,724656.6
1959,937337.75
1960,410145.47
1961,735206.4
1962,564522.94
1963,373928.12
1964,202747.5
1965,275758.38
1966,582578.1
1967,393460.7
1968,944793.0
1969,1552740.9
1970,200673.33
1971,713918.56
1972,554078.1
1973,444573.84
1974,495341.5
1975,1146578.1
1976,374041.12
1977,217799.64
1978,406974.28
1979,822960.7
1980,394334.4
1981,1695132.1
1982,827599.2
1983,1190448.4
1984,1235650.8
1985,506565.03
1986,335520.62
1987,399901.88
1988,909117.5
1989,563971.1
1990,825749.25
1991,174913.22
1992,262159.03
1993,269397.38
1994,1585715.0
1995,633814.75
1996,384573.4
1997,412573.44
1998,847536.0
1999,324094.47
